<?xml version="1.0" encoding="UTF-8"?>
<project xmlns="http://maven.apache.org/POM/4.0.0" xmlns:xsi="http://www.w3.org/2001/XMLSchema-instance" xsi:schemaLocation="http://maven.apache.org/POM/4.0.0 http://maven.apache.org/maven-v4_0_0.xsd">
  <modelVersion>4.0.0</modelVersion>
  <groupId>com.jene</groupId>
  <artifactId>job-classification</artifactId>
  <name>job-classification</name>
  <version>1.0</version>
  <build>
    <plugins>
      <plugin>
        <artifactId>maven-shade-plugin</artifactId>
        <version>2.3</version>
        <executions>
          <execution>
            <phase>package</phase>
            <goals>
              <goal>shade</goal>
            </goals>
          </execution>
        </executions>
        <configuration>
          <filters>
            <filter>
              <artifact>*:*</artifact>
              <excludes>
                <exclude>META-INF/*.SF</exclude>
                <exclude>META-INF/*.DSA</exclude>
                <exclude>META-INF/*.RSA</exclude>
              </excludes>
            </filter>
          </filters>
        </configuration>
      </plugin>
      <plugin>
        <groupId>org.scala-tools</groupId>
        <artifactId>maven-scala-plugin</artifactId>
        <version>2.15.2</version>
        <executions>
          <execution>
            <goals>
              <goal>compile</goal>
            </goals>
          </execution>
        </executions>
      </plugin>
      <plugin>
        <artifactId>maven-compiler-plugin</artifactId>
        <version>2.5.1</version>
        <configuration>
          <source>${java.version}</source>
          <target>${java.version}</target>
        </configuration>
      </plugin>
    </plugins>
  </build>
  <repositories>
    <repository>
      <releases />
      <snapshots>
        <enabled>false</enabled>
      </snapshots>
      <id>apache-repo</id>
      <name>Apache Repository</name>
      <url>https://repository.apache.org/content/repositories/releases</url>
    </repository>
    <repository>
      <id>cloudera-repo-releases</id>
      <url>https://repository.cloudera.com/artifactory/repo/</url>
    </repository>
    <repository>
      <id>maven.aspose.com</id>
      <name>maven.aspose.com-releases</name>
      <url>http://maven.aspose.com/artifactory/ext-release-local</url>
    </repository>
    <repository>
      <id>javaopencvbook</id>
      <url>https://raw.github.com/JavaOpenCVBook/code/maven2/</url>
    </repository>
  </repositories>
  <properties>
    <java.version>1.8</java.version>
    <scala.version>2.11.8</scala.version>
    <scala.binary.version>2.11</scala.binary.version>
    <spark.version>2.3.1</spark.version>
  </properties>
</project>

